,result,size,start,end
1368338379971760128,FAILURE,5846974,1615072270,1615076702
1372646746210963456,SUCCESS,9785,1616099471,1616104582
1375709011390763008,SUCCESS,9962,1616829565,1616834000
1380281977160077312,SUCCESS,3841,1617919845,1617929494
1385025333723402240,SUCCESS,3868,1619050750,1619056186
1379152673013501952,FAILURE,9212120,1617650599,1617655198
1373796439511011328,SUCCESS,9785,1616373572,1616378226
1376159692119609344,FAILURE,7252402,1616937016,1616941399
1369621433226891264,SUCCESS,9874,1615378180,1615382746
1382952842423177216,SUCCESS,3838,1618556629,1618560934
1371667603654709248,SUCCESS,9784,1615866019,1615870670
1379871391536386048,FAILURE,10168121,1617821954,1617830667
1366839990981496832,FAILURE,28146,1614715026,1614716785
1368128036787982336,FAILURE,16299,1615022119,1615026332
1380695226858868736,SUCCESS,3839,1618018373,1618022641
1378063747616083968,SUCCESS,4078,1617390977,1617395970
1367986053830414336,SUCCESS,9776,1614988269,1614992685
1384758863156219904,SUCCESS,3869,1618987218,1618992058
1383516556629118976,SUCCESS,3870,1618691028,1618695814
1386983207479545856,SUCCESS,3752,1619517544,1619522292
1376451529669611520,SUCCESS,9961,1617006596,1617011703
1382551164121255936,SUCCESS,3839,1618460862,1618465756
1380302883639005184,FAILURE,11156115,1617924830,1617931335
1373691219229544448,SUCCESS,9884,1616348486,1616352888
1375087592311099392,SUCCESS,9863,1616681408,1616686655
1376489309078556672,FAILURE,7849862,1617015602,1617020149
1372320523647717376,SUCCESS,9784,1616021690,1616026983
1385364347420676096,SUCCESS,3868,1619131576,1619136571
1377365717355073536,FAILURE,7303482,1617224556,1617230161
1367494901670875136,SUCCESS,9779,1614871175,1614875967
1379461714390552576,FAILURE,1799,1617724280,1617731575
1381558961093742592,FAILURE,10269987,1618224302,1618229067
1380660266806546432,SUCCESS,3838,1618010037,1618014281
1371146631096832000,FAILURE,7396937,1615741809,1615746552
1386363204812148736,FAILURE,10807933,1619369723,1619374383
1369571242973073408,SUCCESS,9775,1615366208,1615370518
1382198391739518976,SUCCESS,3839,1618376754,1618381470
1376816017044410368,SUCCESS,9897,1617093498,1617100159
1371418107884605440,SUCCESS,9784,1615806534,1615811186
1377829384961921024,SUCCESS,12329,1617335101,1617339476
1377862872100507648,SUCCESS,12329,1617343086,1617348169
1387175043137540096,FAILURE,12599456,1619563282,1619569206
1385928749031100416,FAILURE,10884417,1619266142,1619271247
1383420413467430912,FAILURE,13262,1618668107,1618673151
1385541741502795776,FAILURE,11262006,1619173871,1619178131
1376545675625369600,FAILURE,7345298,1617029042,1617034396
1385799353741873152,SUCCESS,3754,1619235291,1619240508
1377662257621635072,SUCCESS,12328,1617295256,1617300651
1386329046517813248,FAILURE,10798647,1619361581,1619366505
1376033780694781952,SUCCESS,9863,1616906996,1616911330
1387114383083048960,FAILURE,12402446,1619548817,1619554640
1369649526205321216,FAILURE,5937975,1615384876,1615389193
1378176997259218944,SUCCESS,4081,1617417979,1617422713
1371206686252994560,SUCCESS,9783,1615756127,1615760698
1378300311327739904,SUCCESS,4076,1617447379,1617452176
1387403035226935296,FAILURE,12381801,1619617638,1619623050
1377583515087933440,SUCCESS,12453,1617276483,1617281113
1370219681884934144,SUCCESS,9786,1615520807,1615525297
1386457408913543168,FAILURE,4445,1619392184,1619397573
1385541740923981824,FAILURE,10967057,1619173871,1619178819
1373129718513012736,SUCCESS,9884,1616214613,1616219076
1383310302736551936,SUCCESS,3869,1618641856,1618646262
1387365605463560192,FAILURE,12476023,1619608717,1619614360
1380801130392457216,FAILURE,10701598,1618043621,1618047835
1372555706749685760,FAILURE,2961,1616077759,1616085050
1369169391261847552,SUCCESS,9773,1615270398,1615274851
1375520297867808768,SUCCESS,9967,1616784572,1616795225
1371509101623775232,SUCCESS,9785,1615828230,1615835164
1383083784181649408,FAILURE,11169433,1618587854,1618598662
1386871869264629760,FAILURE,11001014,1619490997,1619496657
1372248892229292032,SUCCESS,9781,1616004611,1616014950
1382306626626654208,SUCCESS,3842,1618402559,1618407205
1385217446696194048,FAILURE,1830,1619096554,1619104205
1384193817728520192,SUCCESS,3870,1618852501,1618856968
1375751954084401152,FAILURE,7441568,1616839804,1616844760
1375631170691141632,SUCCESS,9861,1616811007,1616815699
1385541769696907264,FAILURE,10848899,1619173877,1619178913
1379117202183032832,FAILURE,9440415,1617642142,1617647362
1386480047375781888,FAILURE,10788581,1619397581,1619402257
1370635646535733248,SUCCESS,9783,1615619981,1615624083
1379908257098764288,SUCCESS,3839,1617830744,1617834986
1371702456215408640,SUCCESS,9882,1615874328,1615878392
1381460620104175616,SUCCESS,3837,1618200855,1618205462
1373398952740655104,SUCCESS,9785,1616278845,1616283392
1382742506935947264,SUCCESS,3838,1618506481,1618512780
1369133581120573440,FAILURE,5822092,1615261861,1615266439
1372520405029359616,SUCCESS,9884,1616069342,1616074547
1379347936801984512,SUCCESS,3838,1617697154,1617702078
1368167258211225600,SUCCESS,9873,1615031470,1615035908
1384416393629274112,SUCCESS,3871,1618905567,1618910127
1380408608918867968,FAILURE,10147193,1617950037,1617954584
1377673683539070976,FAILURE,7329272,1617297980,1617309812
1372467537534521344,SUCCESS,9884,1616056737,1616061240
1377560015153401856,SUCCESS,12332,1617270943,1617276397
1384878642512793600,SUCCESS,3870,1619015775,1619020631
1373748640648007680,FAILURE,7732016,1616362176,1616367169
1387034175093084160,FAILURE,12754955,1619529695,1619535034
1370947904985894912,SUCCESS,9885,1615694429,1615698722
1374356092745682944,FAILURE,3061,1616507004,1616514297
1375693893227515904,SUCCESS,9964,1616825961,1616830513
1376464525015912448,SUCCESS,9964,1617009693,1617014421
1384316875659284480,SUCCESS,3865,1618881840,1618887219
1376823593266057216,FAILURE,7233285,1617095313,1617101611
1368864486328373248,FAILURE,5863864,1615197723,1615202113
1376961893041704960,FAILURE,7266520,1617128276,1617136615
1381075494052564992,FAILURE,10228476,1618109034,1618113575
1367625394777231360,SUCCESS,9879,1614902281,1614907010
1371243713338019840,FAILURE,22673223,1615764956,1615769270
1385671133503688704,SUCCESS,3753,1619204720,1619209798
1386238425685823488,FAILURE,8984535,1619339973,1619344902
1381533173791330304,FAILURE,10560357,1618218169,1618222765
1382620619190833152,FAILURE,10684557,1618477421,1618483286
1385541772637114368,SUCCESS,3753,1619173878,1619178734
1380226452435243008,FAILURE,1799,1617906607,1617913902
1385048091391954944,FAILURE,26343,1619056175,1619057381
1375600427927605248,SUCCESS,9861,1616803679,1616808525
1376607960314155008,SUCCESS,9893,1617043891,1617048593
1386826518814003200,FAILURE,10850800,1619480185,1619485241
1372908296544980992,SUCCESS,9785,1616161823,1616170213
1376935788570218496,SUCCESS,10094,1617122052,1617130486
1368917210252185600,SUCCESS,9772,1615210275,1615214479
1375261312598151168,SUCCESS,9863,1616722825,1616728631
1371994894578487296,SUCCESS,9884,1615944051,1615949784
1369368928865751040,FAILURE,2747,1615317972,1615318177
1370386661225009152,SUCCESS,9786,1615560618,1615565320
1371496125038596096,FAILURE,2961,1615825135,1615832500
1381306676916785152,SUCCESS,3838,1618164153,1618168618
1371528833747914752,FAILURE,2961,1615832935,1615840236
1385541771961831424,SUCCESS,3753,1619173878,1619179067
1367153155644592128,SUCCESS,9775,1614789727,1614795129
1382871934508732416,SUCCESS,3835,1618537339,1618542218
1385254881035554816,FAILURE,1830,1619105478,1619112843
1375641249649790976,SUCCESS,9963,1616813410,1616818014
1376212501443645440,SUCCESS,9962,1616949606,1616953770
1375374519719432192,SUCCESS,9863,1616749816,1616754646
1377466816053383168,FAILURE,7349256,1617248658,1617253423
1366861781724565504,SUCCESS,9756,1614720220,1614725072
1373806681133158400,FAILURE,7339657,1616376014,1616380807
1376508534895677440,SUCCESS,9964,1617020186,1617024562
1376595041237078016,SUCCESS,9896,1617040812,1617047438
1373167443295342592,FAILURE,7214638,1616223608,1616228254
1379426153638400000,FAILURE,10104277,1617715801,1617721070
1381239170629898240,SUCCESS,3838,1618148057,1618152463
1384355227745914880,SUCCESS,3869,1618890984,1618896130
1386707249212166144,SUCCESS,3753,1619451751,1619456872
1369530530814496768,SUCCESS,9775,1615356500,1615360873
1381768449121849344,SUCCESS,3837,1618274248,1618278798
1380554576037416960,FAILURE,1799,1617984843,1617992141
1386628621799526400,FAILURE,10728164,1619433196,1619438562
1370703723231186944,SUCCESS,9885,1615636213,1615640688
1376751504865628160,SUCCESS,9895,1617078115,1617082710
1385144045721882624,SUCCESS,3869,1619079053,1619083931
1367308973606178816,FAILURE,15345,1614826840,1614831105
1382209094407950336,FAILURE,10272618,1618379306,1618383913
1366960124966473728,SUCCESS,9873,1614743668,1614747823
1370537646358532096,FAILURE,8085477,1615596615,1615600968
1368245270113947648,SUCCESS,9873,1615050071,1615054323
1373182519658156032,SUCCESS,9785,1616227202,1616231484
1382910063663910912,SUCCESS,3838,1618546430,1618551475
1368391185516728320,SUCCESS,9873,1615084859,1615088917
1376314842465439744,SUCCESS,9963,1616974006,1616978500
1382263038387687424,SUCCESS,3841,1618392168,1618398455
1381609428318425088,FAILURE,14157350,1618236334,1618243602
1384070187820519424,SUCCESS,3867,1618823025,1618831541
1374718832802795520,SUCCESS,9884,1616593488,1616602031
1386917136680620032,SUCCESS,3753,1619501792,1619506421
1381836976923086848,SUCCESS,3840,1618290588,1618295197
1367476470494007296,FAILURE,15344,1614866778,1614871207
1386593429084966912,FAILURE,10957353,1619424658,1619429914
1379471835489374208,SUCCESS,3836,1617726696,1617735707
1377810485310656512,FAILURE,8440401,1617330599,1617335065
1378329875793842176,SUCCESS,4077,1617454428,1617458914
1374063311519223808,FAILURE,3061,1616437207,1616444516
1373981409416318976,SUCCESS,9883,1616417672,1616422116
1374668766524215296,SUCCESS,9883,1616581553,1616586155
1374405577110720512,SUCCESS,9783,1616518808,1616523670
1377054421581565952,SUCCESS,10115,1617150337,1617158591
1380400334970556416,FAILURE,10030085,1617948064,1617952548
1368026342074880000,SUCCESS,9871,1614997874,1615002273
1376916653605916672,FAILURE,3157,1617117489,1617124793
1379956993665536000,FAILURE,10082814,1617842363,1617848007
1383293524392284160,SUCCESS,3870,1618637854,1618642616
1372397427604066304,SUCCESS,9784,1616040022,1616044394
1369512112115683328,FAILURE,15056,1615352109,1615356352
1385336778159820800,FAILURE,10826063,1619125004,1619129931
1386142829318770688,FAILURE,10816367,1619317180,1619322439
1387468169425195008,FAILURE,11037483,1619633178,1619638797
1367759413963657216,SUCCESS,9775,1614934233,1614938480
1367835026938400768,SUCCESS,9777,1614952272,1614956541
1373461924536127488,FAILURE,7294745,1616293818,1616298659
1371429938732732416,SUCCESS,9884,1615809355,1615813853
1386298829845827584,SUCCESS,3753,1619354374,1619359242
1375137920817565696,FAILURE,15052,1616693407,1616702617
1386007676068040704,SUCCESS,3752,1619284958,1619289726
1377120469961936896,SUCCESS,10115,1617166083,1617170459
1380007263992811520,SUCCESS,3837,1617854348,1617858933
1384624827934969856,FAILURE,11705616,1618955261,1618960239
1376768192193499136,SUCCESS,9994,1617082093,1617086778
1379861145954816000,SUCCESS,3837,1617819511,1617828633
1383013508479717376,SUCCESS,3839,1618571093,1618576030
1387065797788045312,FAILURE,12676307,1619537235,1619543452
1381961357988990976,FAILURE,10264488,1618320269,1618328706
1376650515726733312,FAILURE,7358074,1617054037,1617058877
1377079246203129856,SUCCESS,10118,1617156255,1617160731
1379617254508859392,SUCCESS,3839,1617761363,1617766297
1380374557675753472,FAILURE,37896258,1617941918,1617946210
1386954959760658432,SUCCESS,3752,1619510808,1619515466
1383098288802107392,FAILURE,12396530,1618591311,1618598854
1380939591673974784,FAILURE,10477127,1618076633,1618080883
1381597630739517440,SUCCESS,3841,1618233521,1618238295
1370887844993699840,SUCCESS,9784,1615680109,1615684736
1386618589447983104,FAILURE,10796573,1619430611,1619435537
1377406427655573504,SUCCESS,12332,1617234260,1617238836
1369786830240616448,FAILURE,7287798,1615417607,1615422326
1383441054883123200,SUCCESS,3868,1618673027,1618677714
1373941154956972032,SUCCESS,9783,1616408075,1616412637
1375361896114294784,SUCCESS,9966,1616746806,1616751411
1371061105635364864,SUCCESS,9785,1615721418,1615725751
1386836639556308992,SUCCESS,3753,1619482598,1619487398
1371100143998210048,SUCCESS,9783,1615730725,1615734877
1385179364051652608,SUCCESS,3870,1619087473,1619094652
1382678531183480832,FAILURE,1799,1618491228,1618498523
1374634437643341824,SUCCESS,9884,1616573367,1616578122
1368902567639126016,SUCCESS,9777,1615206782,1615211134
1371380842802188288,SUCCESS,10022,1615797648,1615802252
1373653130767503360,SUCCESS,9784,1616339404,1616343829
1379268056148086784,SUCCESS,3839,1617678108,1617682949
1374011447566143488,SUCCESS,9781,1616424834,1616429582
1377233268134383616,FAILURE,7322164,1617192977,1617203060
1384275475500634112,FAILURE,10736535,1618871972,1618879515
1379358016666603520,SUCCESS,3838,1617699555,1617705008
1372356807858589696,FAILURE,8973024,1616030367,1616035006
1377630917467574272,SUCCESS,12330,1617287784,1617293368
1383054555125649408,FAILURE,11352746,1618580879,1618588292
1376426999794372608,FAILURE,7315081,1617000747,1617004911
1383939354958761984,FAILURE,10994591,1618791833,1618796870
1382159836946370560,SUCCESS,3837,1618367561,1618372216
1382796846673432576,FAILURE,11077181,1618519437,1618528394
1372304413854535680,SUCCESS,9785,1616017847,1616022617
1377778322972348416,SUCCESS,12331,1617322928,1617327240
1377730790837719040,SUCCESS,12459,1617311595,1617317676
1378252516763897856,FAILURE,9339898,1617435985,1617441032
1371654688746770432,SUCCESS,9884,1615862939,1615867592
1382835526926602240,FAILURE,10724390,1618528661,1618533726
1379609710960840704,FAILURE,10087081,1617759565,1617764902
1383688051347165184,FAILURE,39828,1618731916,1618732792
1378291538131423232,SUCCESS,4077,1617445287,1617450022
1370379625565261824,FAILURE,92,1615558948,1615559937
1380456371534696448,FAILURE,10940092,1617961425,1617969437
1373633003133079552,SUCCESS,9885,1616334606,1616339098
1377045257992015872,SUCCESS,10113,1617148151,1617153344
1383386033659318272,FAILURE,11700602,1618659910,1618664128
1382087741113634816,SUCCESS,3835,1618350372,1618355099
1384232180468682752,SUCCESS,3869,1618861652,1618868329
1384020870132928512,SUCCESS,3870,1618811269,1618816545
1379722657708118016,FAILURE,10129464,1617786494,1617791664
1375446976602050560,FAILURE,7744119,1616767092,1616772350
1367431712216190976,FAILURE,15347,1614856103,1614860361
1374741521009479680,FAILURE,3061,1616598898,1616606200
1373039071303045120,FAILURE,7191017,1616193002,1616198154
1381186189842714624,SUCCESS,3839,1618135426,1618140074
1385661913270063104,SUCCESS,3753,1619202522,1619207347
1374798293392953344,SUCCESS,9964,1616612433,1616620060
1379763955097931776,SUCCESS,3838,1617796339,1617802616
1378581240524836864,SUCCESS,4080,1617514358,1617518675
1374860524751163392,SUCCESS,9963,1616627272,1616633598
1367039020827152384,SUCCESS,9778,1614762478,1614766881
1375804812490182656,SUCCESS,9863,1616852406,1616856760
1374299891076960256,FAILURE,7236046,1616493608,1616501603
1385541738650669056,FAILURE,10927803,1619173869,1619178806
1387075686056857600,FAILURE,12751907,1619539591,1619545640
1367397085149663232,FAILURE,15348,1614847848,1614852334
1372212902215290880,SUCCESS,9786,1615996028,1616001893
1367238574654623744,SUCCESS,9876,1614810055,1614814160
1381568384033886208,FAILURE,10379057,1618226549,1618231420
1381667606066368512,SUCCESS,3836,1618250205,1618258009
1382515079773163520,SUCCESS,3836,1618452258,1618457007
1374467500552491008,FAILURE,36607,1616533568,1616536085
1371690307216740352,SUCCESS,9785,1615871438,1615875551
1374898900816629760,SUCCESS,9864,1616636420,1616640883
1378740976570339328,SUCCESS,4079,1617552443,1617556888
1369034104812605440,SUCCESS,9775,1615238146,1615244596
1377505105808461824,SUCCESS,12330,1617257789,1617261955
1367462661419175936,FAILURE,15345,1614863482,1614867698
1374581800415793152,SUCCESS,9885,1616560817,1616565401
1373542368216616960,SUCCESS,9785,1616312997,1616317228
1370573536682315776,FAILURE,35742185,1615605174,1615609316
1373346971711967232,SUCCESS,9784,1616266411,1616270733
1373504007854624768,SUCCESS,9885,1616303851,1616308264
1375196914315694080,SUCCESS,9963,1616707472,1616713502
1380434153031340032,SUCCESS,3840,1617956127,1617960773
1382342108660109312,SUCCESS,3838,1618411019,1618418226
1371768482806370304,SUCCESS,9784,1615890073,1615894486
1366899060186812416,SUCCESS,9653,1614729109,1614733631
1372703310208831488,FAILURE,13877593,1616112950,1616119588
1385812185879416832,SUCCESS,3752,1619238351,1619243300
1367546670031572992,SUCCESS,9775,1614883512,1614890473
1386668904465567744,FAILURE,11279661,1619442611,1619448029
1381968909296472064,SUCCESS,3841,1618322041,1618328982
1383982134544306176,FAILURE,10707319,1618802032,1618806830
1377702189073436672,SUCCESS,12329,1617304776,1617311859
1368089255053627392,SUCCESS,9775,1615012876,1615017238
1378620636997357568,SUCCESS,4079,1617523751,1617528695
1385467933039267840,FAILURE,10742105,1619156273,1619161364
1380607656833585152,FAILURE,1873,1617997494,1618003411
1374833310844325888,SUCCESS,9864,1616620782,1616626129
1381780088630022144,SUCCESS,3838,1618277023,1618281371
1381681978520113152,FAILURE,10470142,1618253633,1618263072
1375237719227109376,SUCCESS,9862,1616717205,1616722819
1384801339866877952,FAILURE,11115228,1618997346,1619003154
1367962333892055040,FAILURE,5877646,1614982613,1614987635
1371560783816691712,FAILURE,7192528,1615840550,1615849283
1370497671600541696,FAILURE,12977822,1615587084,1615592088
1373371276856397824,SUCCESS,9783,1616272206,1616276408
1377896790220607488,SUCCESS,12332,1617351177,1617355862
1367878318774292480,FAILURE,5826111,1614962583,1614967994
1385110883344060416,FAILURE,11165264,1619071146,1619077638
1374967140376907776,FAILURE,7244348,1616652690,1616657275
1385833587370102784,SUCCESS,3752,1619243453,1619248289
1372105152420384768,SUCCESS,9783,1615970338,1615975118
1377487025862610944,FAILURE,7240215,1617253479,1617258592
1384578717627453440,SUCCESS,3869,1618944268,1618953172
1384396172235378688,SUCCESS,3870,1618900745,1618905510
1372389854331015168,FAILURE,7240652,1616038217,1616043231
1376636944951283712,SUCCESS,9896,1617050802,1617057756
1372339899679641600,SUCCESS,9785,1616026314,1616033905
1387349758003122176,FAILURE,12595128,1619604944,1619610503
1371816113301622784,SUCCESS,9783,1615901430,1615908719
1387022437467557888,FAILURE,12338586,1619526896,1619532096
1369093216564940800,SUCCESS,9774,1615252236,1615256569
1383715333369499648,FAILURE,11155645,1618738420,1618743958
1386180565123731456,SUCCESS,3751,1619326178,1619330808
1372059957242892288,SUCCESS,9785,1615959563,1615963825
1379803403793731584,FAILURE,10141089,1617805744,1617810811
1379319525568155648,FAILURE,10690248,1617690382,1617694935
1370042994727587840,FAILURE,92,1615479254,1615479719
1370797090166280192,FAILURE,7268560,1615658471,1615663535
1372892260013707264,SUCCESS,9787,1616158000,1616162490
1375434962949378048,FAILURE,7848420,1616764227,1616769042
1377794051884978176,SUCCESS,12455,1617326678,1617331194
1379028356292415488,SUCCESS,4076,1617620959,1617625405
1379999786970648576,FAILURE,10095883,1617852566,1617856963
1382030889923383296,FAILURE,1719,1618336821,1618343977
1382230656947326976,FAILURE,10337835,1618384446,1618389303
1383765748417040384,FAILURE,11217322,1618750441,1618756277
1367591917696585728,SUCCESS,9774,1614894300,1614899628
1384768671338991616,FAILURE,37902,1618989569,1618992675
1377618206000156672,FAILURE,7259863,1617284753,1617289371
1377003732163629056,FAILURE,7881744,1617138252,1617142577
1378522521548099584,SUCCESS,4079,1617500358,1617505303
1380889253214425088,SUCCESS,3838,1618064631,1618069157
1384439419376766976,SUCCESS,3867,1618911061,1618916131
1383205758732079104,FAILURE,10891156,1618616929,1618621886
1385980882266886144,SUCCESS,3750,1619278569,1619283385
1380735768984555520,SUCCESS,3838,1618028038,1618032742
1371802459168575488,SUCCESS,9786,1615898171,1615902608
1374913931583164416,SUCCESS,9863,1616640003,1616644648
1379306602015756288,SUCCESS,3839,1617687299,1617691274
1379561668119367680,FAILURE,10050110,1617748110,1617752476
1369254449855336448,SUCCESS,9874,1615290677,1615295476
1380984992888262656,FAILURE,10674539,1618087457,1618091894
1381634183415205888,FAILURE,10313296,1618242241,1618247170
1372779879283560449,SUCCESS,9883,1616131207,1616135590
1377218187476602880,FAILURE,7570248,1617189380,1617193918
1385063054508560384,FAILURE,10764785,1619059743,1619065174
1369691538279370752,SUCCESS,10092,1615394888,1615405037
1377302483319132160,FAILURE,3471,1617209479,1617216810
1378449559109242880,SUCCESS,4081,1617482963,1617487449
1385610543812841472,SUCCESS,3752,1619190275,1619195464
1376690663654952960,SUCCESS,9896,1617063610,1617067883
1379388244117950464,FAILURE,11350108,1617706763,1617713669
1378199576531439616,SUCCESS,4077,1617423364,1617427648
1386794875885719552,FAILURE,11069247,1619472641,1619478230
1372097120009457664,SUCCESS,9785,1615968423,1615972659
1372540920209084416,SUCCESS,9885,1616074233,1616079098
1381726538281521152,SUCCESS,3838,1618264255,1618269161
1377392224169365504,SUCCESS,12331,1617230875,1617236441
1379652433755508736,SUCCESS,3837,1617769750,1617774165
1380090540489445376,SUCCESS,3839,1617874204,1617879046
1374262243650179072,SUCCESS,9885,1616484628,1616489477
1381860611406696448,SUCCESS,3838,1618296221,1618300787
1375412220195770368,FAILURE,7293263,1616758806,1616763421
1377439392079024128,FAILURE,7268210,1617242120,1617246626
1377755161237131264,SUCCESS,12331,1617317406,1617322172
1380640636046151680,SUCCESS,3841,1618005364,1618009959
1367443534109478912,FAILURE,15345,1614858927,1614863139
1370877361607675904,SUCCESS,9783,1615677610,1615682062
1384224222242410496,FAILURE,2715,1618859751,1618862248
1382045734181801984,FAILURE,1719,1618340359,1618343978
1378611398220713984,FAILURE,9437652,1617521548,1617526017
1368330831935836160,SUCCESS,9774,1615070470,1615074783
1374979370715713536,SUCCESS,9964,1616655607,1616660081
1372854889113194496,SUCCESS,9786,1616149090,1616153635
1377952488530907136,SUCCESS,12454,1617364451,1617369485
1382381588150489088,FAILURE,10919317,1618420431,1618428385
1377595122262216704,FAILURE,40038,1617279248,1617282834
1380546976965201920,FAILURE,1799,1617983026,1617990328
1373315914044280832,FAILURE,7253771,1616259006,1616263611
1375510436832612352,FAILURE,7245052,1616782221,1616790980
1384982497602834432,SUCCESS,3869,1619040537,1619050513
1372186558634921984,FAILURE,2960,1615989748,1615997074
1383399218122592256,FAILURE,10926479,1618663053,1618667751
1385285946420760576,SUCCESS,4196,1619112885,1619118310
1385736485088530432,FAILURE,11179341,1619220301,1619224843
1369697468932952064,SUCCESS,9979,1615396314,1615405965
1377172439443705856,FAILURE,17733,1617178473,1617182778
1386064720871559168,SUCCESS,3753,1619298558,1619303258
1367925616661237760,FAILURE,4281,1614973859,1614974061
1372691907049689088,SUCCESS,9782,1616110237,1616115328
1383129416346898432,FAILURE,10821325,1618598727,1618605301
1375589507797094400,SUCCESS,9863,1616801074,1616805568
1372623294934552576,FAILURE,2961,1616093873,1616101164
1375472601719115776,SUCCESS,9963,1616773201,1616779023
1384324331525378048,FAILURE,10770355,1618883618,1618888197
1381138398818865152,SUCCESS,3839,1618124032,1618128677
1384713067983540224,SUCCESS,3869,1618976299,1618981418
1382324195928576000,SUCCESS,3840,1618406748,1618411513
1385520546665467904,FAILURE,11151798,1619168817,1619174536
1378901775771242496,FAILURE,9300930,1617590779,1617595276
1379166056337117184,SUCCESS,3837,1617653788,1617658363
1373580148619612160,SUCCESS,9785,1616322005,1616326207
1379223626267496448,SUCCESS,3841,1617667518,1617671871
1374534019290501120,SUCCESS,9886,1616549425,1616553630
1377282845893988352,FAILURE,7605218,1617204796,1617211969
1373554966110670848,SUCCESS,9782,1616316001,1616320932
1381525762405830656,FAILURE,10191802,1618216391,1618220808
1376871348546048000,SUCCESS,9895,1617106688,1617117421
1372505203625955328,SUCCESS,9883,1616065718,1616070321
1367088026550800384,SUCCESS,9873,1614774162,1614780073
1382654915083505664,FAILURE,10947748,1618485599,1618490723
1385459440416722944,FAILURE,10829030,1619154249,1619158973
1368660500480528384,SUCCESS,9873,1615149069,1615153341
1379237920711380992,SUCCESS,3839,1617670953,1617675542
1377544838467031040,FAILURE,7375848,1617267261,1617272297
1382856877733318656,SUCCESS,3838,1618533749,1618539315
1378260437434372096,SUCCESS,4076,1617437873,1617442329
1383004926317170688,SUCCESS,3838,1618569046,1618574697
1382072081390243840,FAILURE,1719,1618346639,1618346819
1375301460857720832,SUCCESS,9863,1616732397,1616737212
1374571720442122240,SUCCESS,9784,1616558414,1616562649
1382243385359732738,SUCCESS,3835,1618387483,1618392180
1367111239645270016,FAILURE,11326,1614779698,1614782935
1384890899347017728,FAILURE,10967992,1619018699,1619027335
1372269019863715840,SUCCESS,9786,1616009410,1616019207
1382419330339180544,FAILURE,12307750,1618429431,1618438449
1380853651748163584,FAILURE,10715560,1618056142,1618060560
1368215075508195328,SUCCESS,9874,1615042871,1615047089
1386024937822621696,FAILURE,7509,1619289075,1619293672
1369045362622337024,SUCCESS,9876,1615240827,1615247067
1371841428300238848,FAILURE,7330787,1615907462,1615912237
1386784216280207360,FAILURE,10929140,1619470100,1619475835
1369556134997790720,SUCCESS,9875,1615362605,1615366946
1382894934729691136,SUCCESS,3837,1618542823,1618547638
1370074880556404736,FAILURE,53345,1615486290,1615492560
1380100464535670784,FAILURE,10102756,1617876569,1617883307
1371941297396387840,SUCCESS,9883,1615931272,1615939761
1383365557822164992,FAILURE,10888919,1618655028,1618659666
1374110263871016961,FAILURE,36242334,1616448395,1616457298
1368461519750172672,SUCCESS,9875,1615101659,1615105951
1371877672195461120,SUCCESS,9784,1615916103,1615920865
1380067527043846144,FAILURE,19423,1617868717,1617873998
1372832786817224704,SUCCESS,9884,1616143819,1616148982
1374644264507543552,FAILURE,24514,1616575710,1616576844
1377096352835571712,SUCCESS,10113,1617160346,1617164890
1374394161821650944,SUCCESS,9787,1616516081,1616523289
1381329702844633088,SUCCESS,3839,1618169642,1618174379
1383176786765942784,FAILURE,8667736,1618610021,1618616585
1370600246643527680,SUCCESS,9785,1615611541,1615615920
1370719324989296640,SUCCESS,9884,1615639931,1615644473
1369081410089914368,SUCCESS,9775,1615249423,1615253700
1373469451483090944,SUCCESS,9783,1616295613,1616299926
1380909398062272512,FAILURE,10353686,1618069434,1618074729
1380776554778333184,SUCCESS,3836,1618037761,1618042107
1373263050777300992,SUCCESS,9783,1616246403,1616250535
1376063990823653376,SUCCESS,9861,1616914198,1616918333
1384140670821732352,FAILURE,11001344,1618839830,1618846139
1370067236311535616,FAILURE,17608,1615484462,1615490135
1375552061407498240,FAILURE,9618442,1616792145,1616800110
1384118044879491072,FAILURE,10818584,1618834435,1618843735
1368757314324008960,SUCCESS,9873,1615172151,1615176480
1375032083092606976,SUCCESS,9861,1616668173,1616674619
1374050759053676544,FAILURE,10472,1616434206,1616449500
1370158371356807169,SUCCESS,9889,1615506189,1615510822
1375855631352729600,SUCCESS,9866,1616864523,1616868868
1374431450727714816,FAILURE,31583,1616524981,1616530381
1385541967177322496,FAILURE,10845467,1619173924,1619178674
1371567769975263232,SUCCESS,9785,1615842216,1615848422
1385541773979291648,SUCCESS,3751,1619173878,1619178385
1374760429863047168,SUCCESS,9865,1616603416,1616610061
1366979295154540544,SUCCESS,9777,1614748238,1614752726
1381746151933349888,SUCCESS,3839,1618268932,1618273840
1379917352061112320,FAILURE,10091545,1617832913,1617840665
1367646198957084672,SUCCESS,9874,1614907241,1614911589
1379643343687913472,SUCCESS,3838,1617767583,1617771978
1387313672069582848,FAILURE,12649460,1619596332,1619601782
1373975236470378496,SUCCESS,9785,1616416201,1616421035
1367029784676143104,FAILURE,5919109,1614760332,1614765049
1380055085576359936,SUCCESS,3838,1617865751,1617870397
1367198508137844736,FAILURE,5872955,1614800505,1614805386
1373595079221972992,SUCCESS,9882,1616325564,1616329707
1378441280396201984,SUCCESS,4078,1617480989,1617485444
1379824909206687744,FAILURE,10064471,1617810871,1617816400
1372957340294189056,FAILURE,2961,1616173516,1616180828
1382000991196418048,FAILURE,1799,1618329691,1618337032
1385411151839367168,SUCCESS,3753,1619142736,1619147722
1376996278923169792,FAILURE,3227,1617136474,1617143767
1374272274630184960,SUCCESS,9884,1616487020,1616491252
1385960548876685312,SUCCESS,3752,1619273722,1619278772
1367581135860666368,SUCCESS,9774,1614891782,1614897553
1385590578007248896,FAILURE,10905614,1619185514,1619190373
1385905586171809792,FAILURE,10868769,1619260618,1619265798
1372143310117801984,SUCCESS,9783,1615979436,1615986179
1377157262828638208,SUCCESS,10113,1617174856,1617179583
1377432259392442368,SUCCESS,12331,1617240438,1617245192
1380974386340696064,FAILURE,10456822,1618084929,1618089546
1387455854701187072,FAILURE,12230385,1619630233,1619635382
1369735172198502400,FAILURE,24353,1615405291,1615409492
1376900753670541312,FAILURE,2961,1617113699,1617120993
1368160136207536128,SUCCESS,9774,1615029773,1615034266
1384841712588820480,FAILURE,10721727,1619006971,1619011881
1374478239296131072,SUCCESS,9783,1616536127,1616541094
1381292375418081280,SUCCESS,3837,1618160743,1618165491
1380764009103364096,SUCCESS,3839,1618034771,1618039096
1384182170012094464,FAILURE,1830,1618849725,1618857040
1368195858939514880,SUCCESS,9775,1615038291,1615042543
1382117425863987200,FAILURE,10351424,1618357450,1618362287
1372052329498415104,SUCCESS,9783,1615957744,1615962036
1385696221263302656,SUCCESS,3749,1619210701,1619215546
1383258471197052928,FAILURE,10747819,1618629497,1618634104
1367221496698638336,SUCCESS,9773,1614805984,1614810348
1382127394919288832,FAILURE,10336494,1618359827,1618364634
1367319041194070016,FAILURE,15445,1614829241,1614833457
1374609511272157184,FAILURE,7941066,1616567423,1616571568
1383848749201100800,SUCCESS,3867,1618770230,1618774828
1377192655666024448,FAILURE,7330711,1617183295,1617188413
1376711434611724288,SUCCESS,9896,1617068562,1617072897
1386439774973202432,FAILURE,10763501,1619387979,1619392470
1383509015476047872,SUCCESS,3871,1618689231,1618694407
1369206409907933184,SUCCESS,9774,1615279224,1615283882
1380866429854683136,SUCCESS,3836,1618059190,1618063738
1386655369698217984,FAILURE,11002676,1619439388,1619444685
1387260818990567424,FAILURE,12507245,1619583731,1619588989
1371968001070338048,SUCCESS,9885,1615937638,1615942584
1380598350792888320,FAILURE,1799,1617995274,1618002594
1383272066425294848,SUCCESS,3868,1618632738,1618638063
1373209965174460416,SUCCESS,9783,1616233748,1616238019
1375039753451212800,FAILURE,7361244,1616670001,1616680781
1368979592202686464,SUCCESS,9776,1615225146,1615231555
1366888545964265472,FAILURE,31498,1614726602,1614729311
1371390527290740736,FAILURE,7252479,1615799958,1615804921
1369316964488450048,FAILURE,2959,1615305583,1615312881
1387498929158885376,SUCCESS,3753,1619640512,1619645193
1372578397045133312,SUCCESS,9784,1616083169,1616090943
1377967602017505280,SUCCESS,12456,1617368058,1617372576
1369455474428088320,FAILURE,5933723,1615338605,1615343289
1386777066946433024,FAILURE,2667,1619468488,1619469392
1373668294002741248,SUCCESS,9886,1616343020,1616347164
1372137159795937280,SUCCESS,9784,1615977970,1615984468
1372817681660514304,FAILURE,7245192,1616140218,1616144640
1375273530400182272,SUCCESS,9965,1616725739,1616730524
1384009443636678656,FAILURE,10801594,1618808543,1618813210
1367342193441771520,FAILURE,15344,1614834769,1614838960
1373617899154968576,SUCCESS,9784,1616331019,1616335627
1372004485097852928,SUCCESS,9884,1615946338,1615950798
1367736775325257728,SUCCESS,9875,1614928835,1614933249
1380685587941429248,FAILURE,10215712,1618016074,1618020312
1381367435222847488,SUCCESS,3836,1618178639,1618183213
1368066594936197120,SUCCESS,9775,1615007472,1615011934
1374941103769260032,SUCCESS,9861,1616646482,1616651096
1386907171089813504,SUCCESS,3753,1619499414,1619504555
1384241274504089600,SUCCESS,3869,1618863815,1618875616
1373733675199369216,SUCCESS,9782,1616358608,1616362779
1372930917781213184,SUCCESS,9783,1616167216,1616172770
1381012286499459072,SUCCESS,3836,1618093964,1618098322
1380818780753498112,SUCCESS,3839,1618047830,1618052156
1367948690471260160,SUCCESS,9913,1614979362,1614983689
1366855485751300096,SUCCESS,9759,1614718720,1614723517
1373922468909027328,SUCCESS,9783,1616403620,1616408034
1385541773304008704,SUCCESS,3750,1619173878,1619178454
1385761595044401152,FAILURE,11160850,1619226291,1619231526
1375882831099596800,FAILURE,30724,1616871006,1616871769
1382628960776491008,SUCCESS,3841,1618479410,1618486790
1376561771095003136,SUCCESS,9994,1617032881,1617038465
1369244939635920896,SUCCESS,9775,1615288410,1615292761
1367668852317491200,SUCCESS,9874,1614912642,1614917069
1375308242351034368,SUCCESS,9965,1616734015,1616738599
1383330331645448192,SUCCESS,3868,1618646629,1618651541
1378217735523143680,FAILURE,9380292,1617427691,1617432530
1373831811670478848,SUCCESS,9786,1616382007,1616386015
1372983042372538368,FAILURE,8125021,1616179643,1616186658
1373294513589587968,SUCCESS,9884,1616253903,1616258356
1378028475910197248,SUCCESS,4079,1617382569,1617386942
1385311485223243776,SUCCESS,3872,1619118976,1619124080
1370446938838667264,SUCCESS,9786,1615574989,1615579311
1367684509016788992,SUCCESS,9776,1614916375,1614920712
1382704884595298304,SUCCESS,3837,1618497511,1618503373
1384725813345128448,SUCCESS,3870,1618979339,1618984047
1371737867629367296,SUCCESS,9784,1615882770,1615887423
1378572858011160576,FAILURE,9516970,1617512359,1617517187
1384472819621957632,FAILURE,11323805,1618919020,1618928944
1386584415362093056,SUCCESS,3751,1619422464,1619426999
1367409627460800512,FAILURE,15448,1614850841,1614855163
1370024192761663488,FAILURE,22920,1615474203,1615476650
1371605102837633024,FAILURE,20111680,1615851119,1615855634
1374310022300831744,FAILURE,7966105,1616496020,1616501273
1368824095826776064,SUCCESS,9875,1615188093,1615192239
1381875686217617408,SUCCESS,3838,1618299815,1618304060
1383741487090503680,FAILURE,10786892,1618744657,1618749534
1385156628797460480,SUCCESS,3868,1619082054,1619087965
1379774993969188864,FAILURE,1799,1617798975,1617806268
1375890419971264512,FAILURE,7752875,1616872817,1616877152
1378039201898958848,SUCCESS,4079,1617385128,1617389542
1369141170394894336,SUCCESS,9774,1615263670,1615267718
1380032706045284352,FAILURE,10716643,1617860414,1617864542
1380362717545631744,FAILURE,10090668,1617939095,1617943852
1373884637511684096,SUCCESS,9782,1616394601,1616398772
1372432631697772544,SUCCESS,9784,1616048417,1616052649
1380193646778781696,FAILURE,1799,1617898785,1617906082
1376678048195153920,SUCCESS,9993,1617060602,1617065227
1382972342602305536,SUCCESS,3840,1618561282,1618567187
1372424268037492736,FAILURE,7245365,1616046421,1616051226
1378404213733724160,SUCCESS,4081,1617472151,1617476417
1373139729024815104,FAILURE,7230688,1616217000,1616221103
1376861910472855552,SUCCESS,9995,1617104438,1617109501
1385541735601410048,FAILURE,11021192,1619173869,1619178966
1383856922498699264,FAILURE,10669527,1618772179,1618776940
1367068241427435520,FAILURE,5989659,1614769445,1614775334
1375339715577778176,SUCCESS,9961,1616741518,1616746162
1375812363206266880,SUCCESS,9862,1616854206,1616859068
1379277496813359104,SUCCESS,3840,1617680363,1617685011
1384938236131938304,FAILURE,11591786,1619029985,1619034881
1372593773992742912,FAILURE,3061,1616086835,1616094127
1382543594790850560,SUCCESS,3836,1618459057,1618464091
1384519891951816704,FAILURE,1830,1618930243,1618937646
1387132522093088768,FAILURE,12619637,1619553147,1619558297
1368958106687508480,FAILURE,6404870,1615220025,1615224994
1384455150453657600,FAILURE,10912904,1618914807,1618925271
1375113030177656832,FAILURE,14953,1616687478,1616697800
1374705135988510720,SUCCESS,9782,1616590224,1616595212
1380471637987561472,FAILURE,10608311,1617965064,1617970752
1385014383108689920,FAILURE,11082617,1619048139,1619053787
1378942102766882816,FAILURE,9452245,1617600394,1617605031
1383649909357416448,FAILURE,10979500,1618722822,1618727730
1385549370706890752,FAILURE,10897661,1619175689,1619180977
1374503638541537280,SUCCESS,9785,1616542183,1616546678
1370791996179877888,SUCCESS,9783,1615657257,1615661498
1367535178376810496,SUCCESS,9873,1614880771,1614886237
1374541563018874880,SUCCESS,9785,1616551224,1616555455
1383047101411233792,SUCCESS,3839,1618579103,1618584218
1370489867267477504,FAILURE,7223057,1615585228,1615590494
1385419989892206592,FAILURE,10943456,1619144843,1619149700
1375485290767978496,FAILURE,7272866,1616776229,1616784453
1384382175549329408,FAILURE,10958438,1618897409,1618902609
1384811489692487680,FAILURE,11185074,1618999765,1619007998
1368831740725956608,FAILURE,6012549,1615189896,1615194663
1379403301459595264,SUCCESS,3838,1617710352,1617719690
1370623199833755648,FAILURE,7229966,1615617014,1615622348
1377357414612865024,FAILURE,7231611,1617222576,1617228691
1385541717578485760,FAILURE,10983261,1619173864,1619178782
1370563932346912768,FAILURE,6357818,1615602883,1615607405
1375178147930050560,FAILURE,14953,1616702999,1616711004
1372797471868063744,SUCCESS,9783,1616135400,1616139832
1383239419066060800,FAILURE,10790059,1618624954,1618629462
1370834570768814080,SUCCESS,9783,1615667408,1615671979
1382815379939659776,FAILURE,10831500,1618523856,1618530039
1369217170524868608,SUCCESS,9775,1615281790,1615286362
1375842083281047552,SUCCESS,9863,1616861291,1616865776
1370662510851526656,SUCCESS,9884,1615626385,1615630559
1372479084709285888,FAILURE,7261776,1616059491,1616064045
1379189196324868096,SUCCESS,3839,1617659306,1617664301
1379569413543432192,FAILURE,10098541,1617749956,1617754724
1379204566418984960,SUCCESS,3838,1617662970,1617667546
1380336264003194880,FAILURE,10280171,1617932789,1617937657
1383155124490211328,SUCCESS,3837,1618604858,1618610052
1368008219137413120,FAILURE,5915375,1614993553,1614998125
1375394622049619968,SUCCESS,9962,1616754609,1616759583
1374868637390737408,FAILURE,8315428,1616629206,1616633494
1368992526270205952,FAILURE,15577,1615228273,1615230402
1376526203116064768,SUCCESS,9893,1617024400,1617028968
1384097943551741952,SUCCESS,3870,1618829643,1618835383
1367510516099977216,FAILURE,33027,1614874894,1614876689
1384672063368728576,SUCCESS,3869,1618966523,1618973037
1376785808756838400,SUCCESS,9896,1617086298,1617090796
1371889606714200064,SUCCESS,9785,1615918948,1615923961
1375668922476400640,SUCCESS,9863,1616820007,1616824431
1375003071028924416,SUCCESS,9863,1616661256,1616665751
1375565759660429312,SUCCESS,9966,1616795411,1616801694
1382580388181839872,SUCCESS,3840,1618467829,1618471976
1369611773354708992,FAILURE,4638636,1615375870,1615380791
1376295597891391488,SUCCESS,9861,1616969420,1616974593
1381802762362163200,FAILURE,10697230,1618282428,1618286418
1380947233955909632,SUCCESS,3835,1618078455,1618083317
1369178919432884224,FAILURE,5895837,1615272669,1615277199
1367279182819627008,SUCCESS,9872,1614819737,1614824695
1377521972329582592,SUCCESS,12455,1617261808,1617266292
1382591444220383232,FAILURE,10538496,1618470465,1618475032
1380492789074104320,SUCCESS,3840,1617970107,1617977937
1376025631682203648,FAILURE,7224789,1616905053,1616909417
1374681438208659456,FAILURE,7244541,1616584572,1616589187
1372874143355113472,SUCCESS,9785,1616153680,1616157943
1385485626006048768,FAILURE,10974496,1619160492,1619165474
1382469412228960256,SUCCESS,3837,1618441371,1618446638
1382504172074569728,SUCCESS,3838,1618449658,1618454305
1368877159002673152,SUCCESS,9875,1615200725,1615204744
1385244195454717952,SUCCESS,3871,1619102930,1619109689
1367002025316847616,SUCCESS,9777,1614753657,1614757895
1386735890583261184,SUCCESS,3753,1619458579,1619463552
1382079647369400320,FAILURE,11166756,1618348443,1618352801
1377257801859993600,SUCCESS,10113,1617198841,1617204689
1383973534685990912,FAILURE,1287,1618799981,1618800015
1385201709071994880,FAILURE,10984877,1619092802,1619098364
1376730270627008512,SUCCESS,9995,1617073052,1617077826
1379688423123587072,SUCCESS,3841,1617778331,1617783166
1369422563381350400,SUCCESS,9875,1615330763,1615335044
1386051097314988032,FAILURE,11171614,1619295311,1619300882
1381702729767849984,FAILURE,11220943,1618258579,1618263687
1368942476668178432,FAILURE,5904715,1615216302,1615220823
1383803865752670208,SUCCESS,3870,1618759532,1618764501
1383562833584721920,FAILURE,10824034,1618702062,1618706650
1379058552399728640,SUCCESS,4077,1617628158,1617632746
1366927578962595840,FAILURE,22498,1614735909,1614737032
1385561101411815424,SUCCESS,3755,1619178486,1619183140
1385382355312578560,FAILURE,10772954,1619135870,1619140825
1375741780372230144,SUCCESS,9862,1616837379,1616841743
1373904850596663296,SUCCESS,9882,1616399419,1616403989
1372176540619509760,FAILURE,3061,1615987359,1615994681
1372762373265297408,SUCCESS,9885,1616127033,1616131729
1381921233318187008,SUCCESS,3836,1618310675,1618315123
1374020551172952064,SUCCESS,9786,1616427006,1616436788
1369400373780942848,SUCCESS,9872,1615325468,1615329639
1380322676303728640,SUCCESS,3839,1617929550,1617934701
1384648406139408384,FAILURE,10826029,1618960884,1618969235
1379000683587440640,SUCCESS,4073,1617614361,1617618969
1379517809213575168,SUCCESS,3838,1617737653,1617748055
1382176268006461440,SUCCESS,3840,1618371479,1618376354
1379947733267255296,SUCCESS,3839,1617840157,1617844932
1385082685361229824,FAILURE,23421,1619064424,1619066016
1377880886560690176,SUCCESS,12330,1617347381,1617351929
1372223797070925824,FAILURE,31087,1615998625,1616004411
1383657535407394816,FAILURE,11104402,1618724641,1618730225
1369475277712789504,SUCCESS,9774,1615343327,1615347575
1385122595556298752,FAILURE,10863297,1619073938,1619078900
1385726416464646144,FAILURE,11076319,1619217901,1619224145
1381928627381211136,FAILURE,10468670,1618312437,1618318107
1380143987809062912,SUCCESS,3840,1617886949,1617895236
1369278368339464192,FAILURE,14498,1615296394,1615298245
1387278425886035968,FAILURE,12733623,1619587928,1619592957
1371852338653827072,SUCCESS,9885,1615910062,1615915872
1371916371889229824,SUCCESS,9786,1615925329,1615936845
1372742135345844224,SUCCESS,9785,1616122208,1616127110
1371780507309707264,SUCCESS,9784,1615892937,1615897186
1380185997530107904,FAILURE,1799,1617896962,1617904330
1386998144771821568,FAILURE,12504255,1619521105,1619526437
1376281101600821248,FAILURE,7358419,1616965962,1616970971
1384955887956791296,SUCCESS,3872,1619034197,1619039625
1370031836096368640,FAILURE,28481,1615476119,1615478600
1368104304950382592,FAILURE,5839483,1615016461,1615021959
1373841269649838080,SUCCESS,9886,1616384261,1616388916
1378146790640979968,SUCCESS,4077,1617410778,1617415171
1382284618090156032,SUCCESS,3838,1618397312,1618402166
1382751530813231104,FAILURE,10751183,1618508634,1618514250
1369336373500186624,FAILURE,9924,1615310210,1615318709
1371455918591447040,SUCCESS,9923,1615815549,1615820199
1379695250427088896,FAILURE,37958,1617779960,1617783090
1380721689863655424,FAILURE,10201508,1618024681,1618028988
1387331280336588800,FAILURE,12544947,1619600529,1619605722
1385857247711596544,SUCCESS,3753,1619249093,1619254033
1367829857353863168,SUCCESS,9776,1614951028,1614955311
1368252948768886784,SUCCESS,9872,1615051901,1615056259
1373333522709745664,SUCCESS,9885,1616263205,1616267499
1380239227928711168,FAILURE,10029020,1617909653,1617919784
1366939101315469312,FAILURE,5848466,1614738657,1614742882
1380269332851855360,SUCCESS,3842,1617916831,1617922179
1374364130735034368,SUCCESS,9784,1616508920,1616515968
1377919836436303872,SUCCESS,12328,1617356667,1617361150
1367128994066993152,SUCCESS,9772,1614783946,1614788198
1368048761258905600,FAILURE,5889517,1615003221,1615008211
1379730513928916992,SUCCESS,3838,1617788367,1617794593
1369659391619371008,SUCCESS,9778,1615387223,1615391692
1377134637679120384,SUCCESS,10113,1617169461,1617174136
1378139251081744384,SUCCESS,4081,1617408980,1617413975
1379531661087084544,SUCCESS,3837,1617740956,1617746704
1383789288436535296,FAILURE,10803178,1618756053,1618760820
1372727043648655360,SUCCESS,9785,1616118609,1616122973
1372998149940973568,SUCCESS,9787,1616183247,1616188585
1371470830885670912,FAILURE,13081047,1615819107,1615824741
1378411870087548928,SUCCESS,4078,1617473978,1617478782
1369297210994331648,SUCCESS,9774,1615300874,1615305627
1383224904509296640,SUCCESS,3869,1618621493,1618626269
1374236986579095552,SUCCESS,9782,1616478607,1616482798
1375077576950681600,FAILURE,2961,1616679019,1616686313
1386197056212701184,SUCCESS,3752,1619330110,1619334858
1369813169018507264,FAILURE,101625,1615423888,1615429630
1369490685270429696,FAILURE,5975062,1615347001,1615352070
1371730295622995968,SUCCESS,9882,1615880967,1615885051
1373869390998540288,SUCCESS,9883,1616390965,1616395088
1380506424706076672,FAILURE,11683178,1617973358,1617980258
1370394217485963264,SUCCESS,9786,1615562420,1615566982
1383347944043843584,SUCCESS,3870,1618650829,1618655753
1384605247241981952,FAILURE,11284189,1618950593,1618960744
1367261143931817984,FAILURE,5893629,1614815439,1614819857
1382426926949339136,FAILURE,11375740,1618431241,1618437650
1385869803780050944,SUCCESS,3752,1619252087,1619256934
1369774055263047680,SUCCESS,9783,1615414564,1615421114
1372670616359931904,FAILURE,7171774,1616105155,1616110614
1377842810090164224,SUCCESS,12330,1617338302,1617343047
1377329064972390400,FAILURE,3471,1617215817,1617223461
1382479074806468608,SUCCESS,3839,1618443674,1618448906
1385581801317076992,SUCCESS,3753,1619183422,1619188410
1385624321132597248,FAILURE,10949871,1619193559,1619198538
1384851693585305600,FAILURE,11063280,1619009351,1619017301
1384499273969700864,SUCCESS,3868,1618925327,1618930791
1367170563813937152,SUCCESS,9775,1614793872,1614798874
1381430404065529856,FAILURE,10338043,1618193652,1618198750
1382936856806559744,FAILURE,11723601,1618552827,1618557133
1385541707893837824,FAILURE,10781055,1619173863,1619178739
1379126533293084672,FAILURE,9251736,1617644366,1617649112
1387413364040273920,FAILURE,12195311,1619620101,1619625468
1386697472935464960,SUCCESS,3751,1619449419,1619454072
1370526318604587008,FAILURE,7294267,1615593914,1615598577
1385776670237003776,FAILURE,10758261,1619229883,1619234641
1367910513979166720,SUCCESS,9775,1614970258,1614974750
1376584763757826048,FAILURE,295,1617038361,1617038365
1380832442159468544,SUCCESS,3838,1618051086,1618055811
1385895739263029248,FAILURE,10943807,1619258270,1619263251
1380128512421138432,FAILURE,10251467,1617883260,1617889070
1367870473798422528,SUCCESS,9779,1614960714,1614965392
1386942197940621312,FAILURE,10913264,1619507767,1619512517
1368426478793920512,FAILURE,5934770,1615093274,1615097559
1384563411320311808,FAILURE,1830,1618940618,1618947972
1371624342391099392,SUCCESS,9785,1615855704,1615861023
1374788361096531968,SUCCESS,9964,1616610068,1616618004
1381826019446493184,SUCCESS,3837,1618287973,1618292751
1371068681810874368,SUCCESS,9782,1615723223,1615728027
1377999575511470080,SUCCESS,12329,1617375678,1617380533
1369750447904002048,FAILURE,6467331,1615408933,1615413675
1382368829539094528,SUCCESS,3840,1618417400,1618422303
